{
  "Baseline LSTM": {
    "mean_pnl": -2.273625612258911,
    "std_pnl": 0.40254485607147217,
    "var_95": 2.936394691467285,
    "var_99": 3.380836248397827,
    "cvar_95": 3.2124547958374023,
    "entropic_risk": 2.3595921993255615,
    "trading_volume": 2.645887569700007,
    "max_delta": 1.109417200088501
  },
  "Transformer": {
    "mean_pnl": -2.274890422821045,
    "std_pnl": 0.5119268894195557,
    "var_95": 3.144948959350586,
    "var_99": 3.6932873725891113,
    "cvar_95": 3.483234405517578,
    "entropic_risk": 2.419081211090088,
    "trading_volume": 2.1288184437151108,
    "max_delta": 1.0546987056732178
  },
  "Sig-LSTM": {
    "mean_pnl": -2.2732901573181152,
    "std_pnl": 0.45294061303138733,
    "var_95": 2.994497776031494,
    "var_99": 3.4511425495147705,
    "cvar_95": 3.2808876037597656,
    "entropic_risk": 2.3792457580566406,
    "trading_volume": 2.529584347385548,
    "max_delta": 1.1583833694458008
  },
  "MCPG": {
    "mean_pnl": -44.965335845947266,
    "std_pnl": 32241.892578125,
    "var_95": 52101.859375,
    "var_99": 74337.703125,
    "cvar_95": 65538.5625,
    "entropic_risk": 132679.546875,
    "trading_volume": 39753.43386132812,
    "max_delta": 21051.90625
  }
}