{
  "Kozyra RNN": {
    "metrics": {
      "mean_pnl": -2.2777748107910156,
      "std_pnl": 0.44574597477912903,
      "var_95": 2.947866439819336,
      "var_99": 3.3096561431884766,
      "cvar_95": 3.1774885654449463,
      "cvar_99": 3.560292959213257,
      "entropic_risk": 2.375339984893799,
      "trading_volume": 2.6482780721680075,
      "max_delta": 1.2598778009414673,
      "mean_delta": 0.5080620646476746
    }
  },
  "Kozyra LSTM": {
    "metrics": {
      "mean_pnl": -2.2766740322113037,
      "std_pnl": 0.40275871753692627,
      "var_95": 2.9473960399627686,
      "var_99": 3.364384174346924,
      "cvar_95": 3.2114620208740234,
      "cvar_99": 3.65250825881958,
      "entropic_risk": 2.363349199295044,
      "trading_volume": 2.749410764436466,
      "max_delta": 1.07944917678833,
      "mean_delta": 0.5175750255584717
    }
  },
  "Kozyra Two-Stage": {
    "metrics": {
      "mean_pnl": -2.2787680625915527,
      "std_pnl": 0.7484323382377625,
      "var_95": 3.579986333847046,
      "var_99": 4.1170454025268555,
      "cvar_95": 3.9117367267608643,
      "cvar_99": 4.416514873504639,
      "entropic_risk": 2.5786991119384766,
      "trading_volume": 1.9954442176395655,
      "max_delta": 0.9132612943649292,
      "mean_delta": 0.46817129850387573
    }
  },
  "BS Delta": {
    "metrics": {
      "mean_pnl": -2.276065523143562,
      "std_pnl": 0.3872449208275516,
      "var_95": 2.9140953776751557,
      "var_99": 3.379171654406639,
      "cvar_95": 3.1982275217934535,
      "cvar_99": 3.6756683077127095,
      "entropic_risk": 2.3573905929025,
      "trading_volume": 2.7132460152373667,
      "max_delta": 1.0,
      "mean_delta": 0.5058984624256131
    }
  },
  "Leland": {
    "metrics": {
      "mean_pnl": -2.27631190180437,
      "std_pnl": 0.3887830368462416,
      "var_95": 2.89946521453489,
      "var_99": 3.338378598529951,
      "cvar_95": 3.168400334431009,
      "cvar_99": 3.6260593194285744,
      "entropic_risk": 2.3563518972138615,
      "trading_volume": 2.6833599393988137,
      "max_delta": 1.0,
      "mean_delta": 0.5060888881540366
    }
  },
  "No Hedge": {
    "metrics": {
      "mean_pnl": -2.2699167728424072,
      "std_pnl": 3.2537033557891846,
      "var_95": 9.21480655670166,
      "var_99": 12.66272258758545,
      "cvar_95": 11.36503791809082,
      "cvar_99": 14.482312202453613,
      "entropic_risk": 12.786245346069336,
      "trading_volume": 0.0,
      "max_delta": 0.0,
      "mean_delta": 0.0
    }
  }
}