{
  "Deep Hedging": {
    "passed": false,
    "metrics": {
      "mean_pnl": -2.275017261505127,
      "std_pnl": 4.2744526863098145,
      "min_pnl": -20.44994354248047,
      "max_pnl": 15.146846771240234,
      "var_95": 9.092280387878418,
      "var_99": 11.818181991577148,
      "cvar_95": 10.782236099243164,
      "cvar_99": 13.320483207702637,
      "entropic_risk": 10.831921577453613,
      "trading_volume": 17.502662083233346,
      "mean_delta": 0.703990638256073,
      "max_delta": 1.5,
      "delta_std": 0.7514837980270386
    }
  },
  "Kozyra RNN": {
    "passed": true,
    "metrics": {
      "mean_pnl": -2.2771551609039307,
      "std_pnl": 0.44434887170791626,
      "min_pnl": -5.069937705993652,
      "max_pnl": -0.5544788241386414,
      "var_95": 2.9772138595581055,
      "var_99": 3.371147871017456,
      "cvar_95": 3.225315570831299,
      "cvar_99": 3.6358447074890137,
      "entropic_risk": 2.377239227294922,
      "trading_volume": 2.7015772407211713,
      "mean_delta": 0.4941544234752655,
      "max_delta": 1.2761839628219604,
      "delta_std": 0.2904747426509857
    }
  },
  "Kozyra LSTM": {
    "passed": true,
    "metrics": {
      "mean_pnl": -2.276367425918579,
      "std_pnl": 0.4027954041957855,
      "min_pnl": -4.984226226806641,
      "max_pnl": -0.647438108921051,
      "var_95": 2.9423022270202637,
      "var_99": 3.3655600547790527,
      "cvar_95": 3.209805488586426,
      "cvar_99": 3.6477739810943604,
      "entropic_risk": 2.362424373626709,
      "trading_volume": 2.700561778999325,
      "mean_delta": 0.5069941878318787,
      "max_delta": 1.0743482112884521,
      "delta_std": 0.30097097158432007
    }
  },
  "Kozyra Two-Stage": {
    "passed": true,
    "metrics": {
      "mean_pnl": -2.2810254096984863,
      "std_pnl": 0.8467528820037842,
      "min_pnl": -5.918308258056641,
      "max_pnl": -0.30754354596138,
      "var_95": 3.7351675033569336,
      "var_99": 4.3251752853393555,
      "cvar_95": 4.099413871765137,
      "cvar_99": 4.636038303375244,
      "entropic_risk": 2.661611318588257,
      "trading_volume": 1.9343173465907573,
      "mean_delta": 0.49981486797332764,
      "max_delta": 0.8794503211975098,
      "delta_std": 0.1668393462896347
    }
  },
  "BS Delta": {
    "passed": true,
    "metrics": {
      "mean_pnl": -2.276065523143562,
      "std_pnl": 0.3872449208275516,
      "min_pnl": -5.402673736709811,
      "max_pnl": -0.6639392434077926,
      "var_95": 2.9140953776751557,
      "var_99": 3.379171654406639,
      "cvar_95": 3.1982275217934535,
      "cvar_99": 3.6756683077127095,
      "entropic_risk": 2.3573905929025,
      "trading_volume": 2.7132460152373667,
      "mean_delta": 0.5058984624256131,
      "max_delta": 1.0,
      "delta_std": 0.29518064051986054
    }
  },
  "Leland": {
    "passed": true,
    "metrics": {
      "mean_pnl": -2.27631190180437,
      "std_pnl": 0.3887830368462416,
      "min_pnl": -5.329342605546701,
      "max_pnl": -0.64451483529344,
      "var_95": 2.89946521453489,
      "var_99": 3.338378598529951,
      "cvar_95": 3.168400334431009,
      "cvar_99": 3.6260593194285744,
      "entropic_risk": 2.3563518972138615,
      "trading_volume": 2.6833599393988137,
      "mean_delta": 0.5060888881540366,
      "max_delta": 1.0,
      "delta_std": 0.29094226691581443
    }
  },
  "Whalley-Wilmott": {
    "passed": false,
    "metrics": {
      "mean_pnl": -2.2703392468110346,
      "std_pnl": 2.8771271984088695,
      "min_pnl": -12.26707167974801,
      "max_pnl": 0.0,
      "var_95": 7.996387714233951,
      "var_99": 9.54661178101226,
      "cvar_95": 8.94030479045815,
      "cvar_99": 10.100209358560507,
      "entropic_risk": 6.521109058155446,
      "trading_volume": 0.6183897518923288,
      "mean_delta": 0.06137647774790401,
      "max_delta": 1.0,
      "delta_std": 0.18931058323574826
    }
  }
}