{
  "base": {
    "LSTM": {
      "cvar_95": {
        "mean": 3.222679058710734,
        "std": 0.03758348969994612,
        "ci_lower": 3.1774702072143555,
        "ci_upper": 3.26948881149292
      },
      "cvar_99": {
        "mean": 3.5959855715433755,
        "std": 0.048798281998531506,
        "ci_lower": 3.5475988388061523,
        "ci_upper": 3.662792921066284
      },
      "std_pnl": {
        "mean": 0.4411557714144389,
        "std": 0.013577237920286025,
        "ci_lower": 0.4309690296649933,
        "ci_upper": 0.46034470200538635
      },
      "entropic_risk": {
        "mean": 2.376396656036377,
        "std": 0.005543089529825871,
        "ci_lower": 2.370457410812378,
        "ci_upper": 2.3837971687316895
      },
      "trading_volume": {
        "mean": 0.0,
        "std": 0.0,
        "ci_lower": 0.0,
        "ci_upper": 0.0
      },
      "train_time_mean": 76.60072700182597
    }
  }
}