{
  "Deep Hedging": {
    "metrics": {
      "mean_pnl": -1.9477312564849854,
      "std_pnl": 48.32801055908203,
      "min_pnl": -414.6927795410156,
      "max_pnl": 427.6634216308594,
      "var_95": 72.19938659667969,
      "var_99": 145.9154815673828,
      "cvar_95": 117.47827911376953,
      "cvar_99": 193.96437072753906,
      "entropic_risk": 404.789306640625,
      "indifference_price": 404.789306640625,
      "mean_payoff": 2.291271448135376,
      "mean_hedging_gains": 0.34354037046432495,
      "mean_transaction_costs": 0.0,
      "total_trading_volume": 149.88670349121094,
      "mean_delta": 0.709992527961731,
      "delta_std": 6.700063228607178
    },
    "pnl_stats": {
      "mean": -1.9477312564849854,
      "std": 48.32801055908203,
      "min": -414.6927795410156,
      "max": 427.6634216308594,
      "median": -3.589501142501831
    }
  },
  "Kozyra RNN": {
    "metrics": {
      "mean_pnl": -2.2760536670684814,
      "std_pnl": 0.7036349773406982,
      "min_pnl": -5.526486396789551,
      "max_pnl": 1.9868717193603516,
      "var_95": 3.3763718605041504,
      "var_99": 3.913140296936035,
      "cvar_95": 3.7056162357330322,
      "cvar_99": 4.219714164733887,
      "entropic_risk": 2.520263910293579,
      "indifference_price": 2.520263910293579,
      "mean_payoff": 2.291271448135376,
      "mean_hedging_gains": 0.015217986889183521,
      "mean_transaction_costs": 0.0,
      "total_trading_volume": 1.2183090448379517,
      "mean_delta": 0.493191659450531,
      "delta_std": 0.15313906967639923
    },
    "pnl_stats": {
      "mean": -2.2760536670684814,
      "std": 0.7036349773406982,
      "min": -5.526486396789551,
      "max": 1.9868717193603516,
      "median": -2.3224401473999023
    }
  },
  "Kozyra LSTM": {
    "metrics": {
      "mean_pnl": -2.274974822998047,
      "std_pnl": 0.5528302788734436,
      "min_pnl": -5.661229133605957,
      "max_pnl": -0.41364869475364685,
      "var_95": 3.207404613494873,
      "var_99": 3.761284351348877,
      "cvar_95": 3.564944267272949,
      "cvar_99": 4.117417812347412,
      "entropic_risk": 2.444242477416992,
      "indifference_price": 2.444242477416992,
      "mean_payoff": 2.291271448135376,
      "mean_hedging_gains": 0.016296906396746635,
      "mean_transaction_costs": 0.0,
      "total_trading_volume": 1.4998096227645874,
      "mean_delta": 0.4541988968849182,
      "delta_std": 0.17673583328723907
    },
    "pnl_stats": {
      "mean": -2.274974822998047,
      "std": 0.5528302788734436,
      "min": -5.661229133605957,
      "max": -0.41364869475364685,
      "median": -2.2545318603515625
    }
  },
  "BS Delta": {
    "metrics": {
      "mean_pnl": -2.2771426304014386,
      "std_pnl": 0.39479002456705403,
      "min_pnl": -5.162456789848084,
      "max_pnl": -0.7046613628761111,
      "median_pnl": -2.2678351567059654,
      "skewness": -0.45125440403603667,
      "kurtosis": 2.1383651371403234,
      "var_95": 2.932888720759157,
      "var_99": 3.405600301615694,
      "cvar_95": 3.230795240943289,
      "cvar_99": 3.7268237584449206,
      "entropic_risk": 2.3624752151725237,
      "indifference_price": 2.3624752151725237
    },
    "pnl_stats": {
      "mean": -2.2771426304014386,
      "std": 0.39479002456705403,
      "min": -5.162456789848084,
      "max": -0.7046613628761111,
      "median": -2.2678351567059654
    }
  },
  "Leland": {
    "metrics": {
      "mean_pnl": -2.277288065236823,
      "std_pnl": 0.39608044973714424,
      "min_pnl": -5.1423835305799255,
      "max_pnl": -0.6830776323012988,
      "median_pnl": -2.2783642918824336,
      "skewness": -0.2817045080341813,
      "kurtosis": 1.8092902775328392,
      "var_95": 2.9151298433908726,
      "var_99": 3.364664271981477,
      "cvar_95": 3.198606589685722,
      "cvar_99": 3.6741390856195917,
      "entropic_risk": 2.3610120239597685,
      "indifference_price": 2.3610120239597685
    },
    "pnl_stats": {
      "mean": -2.277288065236823,
      "std": 0.39608044973714424,
      "min": -5.1423835305799255,
      "max": -0.6830776323012988,
      "median": -2.2783642918824336
    }
  },
  "Whalley-Wilmott": {
    "metrics": {
      "mean_pnl": -2.2876408553119973,
      "std_pnl": 2.895123145923962,
      "min_pnl": -11.911239720813743,
      "max_pnl": 0.0,
      "median_pnl": -0.3919164687395096,
      "skewness": -0.9702114216975123,
      "kurtosis": -0.3642171517606818,
      "var_95": 8.045520276128375,
      "var_99": 9.575328420748903,
      "cvar_95": 8.998011763185437,
      "cvar_99": 10.135051437218843,
      "entropic_risk": 6.569079785564725,
      "indifference_price": 6.569079785564725
    },
    "pnl_stats": {
      "mean": -2.2876408553119973,
      "std": 2.895123145923962,
      "min": -11.911239720813743,
      "max": 0.0,
      "median": -0.3919164687395096
    }
  },
  "No Hedge": {
    "metrics": {
      "mean_pnl": -2.291271448135376,
      "std_pnl": 3.2746121883392334,
      "min_pnl": -20.831886291503906,
      "max_pnl": -0.0,
      "median_pnl": -0.11734095215797424,
      "skewness": -1.5311508178710938,
      "kurtosis": 1.8118815422058105,
      "var_95": 9.331290245056152,
      "var_99": 12.818037986755371,
      "cvar_95": 11.449457168579102,
      "cvar_99": 14.371367454528809,
      "entropic_risk": 11.625110626220703,
      "indifference_price": 11.625110626220703
    },
    "pnl_stats": {
      "mean": -2.291271448135376,
      "std": 3.2746121883392334,
      "min": -20.831886291503906,
      "max": -0.0,
      "median": -0.11734095215797424
    }
  }
}