{
  "LSTM": {
    "metrics": {
      "mean_pnl": -2.281487464904785,
      "std_pnl": 1.043830394744873,
      "var_95": 4.059353828430176,
      "var_99": 4.640386581420898,
      "cvar_95": 4.413694381713867,
      "cvar_99": 4.925896644592285,
      "entropic_risk": 2.840852737426758,
      "trading_volume": 1.918400426365733,
      "max_delta": 0.9051623940467834,
      "mean_abs_delta": 0.49693021178245544,
      "delta_smoothness": 0.031565215438604355,
      "delta_std": 0.1331806778907776,
      "mean_tc": 0.0
    },
    "n_parameters": 31651
  },
  "SignatureLSTM": {
    "metrics": {
      "mean_pnl": -2.2813901901245117,
      "std_pnl": 1.0560818910598755,
      "var_95": 4.0713324546813965,
      "var_99": 4.647416591644287,
      "cvar_95": 4.41983699798584,
      "cvar_99": 4.909681797027588,
      "entropic_risk": 2.8476500511169434,
      "trading_volume": 1.704784642932713,
      "max_delta": 0.903911828994751,
      "mean_abs_delta": 0.4976847469806671,
      "delta_smoothness": 0.02434598095715046,
      "delta_std": 0.13295762240886688,
      "mean_tc": 0.0
    },
    "n_parameters": 95415
  },
  "SignatureMLP": {
    "metrics": {
      "mean_pnl": -2.281675338745117,
      "std_pnl": 1.0392124652862549,
      "var_95": 4.046392917633057,
      "var_99": 4.606647491455078,
      "cvar_95": 4.386035919189453,
      "cvar_99": 4.854956150054932,
      "entropic_risk": 2.8284873962402344,
      "trading_volume": 1.7288781971132756,
      "max_delta": 0.9093488454818726,
      "mean_abs_delta": 0.5017523169517517,
      "delta_smoothness": 0.024825554341077805,
      "delta_std": 0.13718652725219727,
      "mean_tc": 0.0
    },
    "n_parameters": 37943
  },
  "Transformer": {
    "metrics": {
      "mean_pnl": -2.281250238418579,
      "std_pnl": 1.0582906007766724,
      "var_95": 4.058557987213135,
      "var_99": 4.649106979370117,
      "cvar_95": 4.420666694641113,
      "cvar_99": 4.935019493103027,
      "entropic_risk": 2.8482487201690674,
      "trading_volume": 1.668182791725397,
      "max_delta": 0.8961066007614136,
      "mean_abs_delta": 0.494659960269928,
      "delta_smoothness": 0.022451750934123993,
      "delta_std": 0.1344967484474182,
      "mean_tc": 0.0
    },
    "n_parameters": 136321
  },
  "AttentionLSTM": {
    "metrics": {
      "mean_pnl": -2.281395196914673,
      "std_pnl": 1.0524866580963135,
      "var_95": 4.0379743576049805,
      "var_99": 4.539233684539795,
      "cvar_95": 4.3431782722473145,
      "cvar_99": 4.756044864654541,
      "entropic_risk": 2.829075336456299,
      "trading_volume": 1.8732583341712132,
      "max_delta": 0.9240182638168335,
      "mean_abs_delta": 0.4975208640098572,
      "delta_smoothness": 0.030263090506196022,
      "delta_std": 0.13443520665168762,
      "mean_tc": 0.0
    },
    "n_parameters": 69889
  },
  "RegimeAware": {
    "metrics": {
      "mean_pnl": -2.281681776046753,
      "std_pnl": 1.0400404930114746,
      "var_95": 4.065384864807129,
      "var_99": 4.6944684982299805,
      "cvar_95": 4.452717304229736,
      "cvar_99": 5.0156073570251465,
      "entropic_risk": 2.8468523025512695,
      "trading_volume": 1.8198411390900613,
      "max_delta": 0.9718315601348877,
      "mean_abs_delta": 0.5060033202171326,
      "delta_smoothness": 0.027352025732398033,
      "delta_std": 0.13409222662448883,
      "mean_tc": 0.0
    },
    "n_parameters": 154054
  },
  "Adaptive": {
    "metrics": {
      "mean_pnl": -2.2818098068237305,
      "std_pnl": 1.0798636674880981,
      "var_95": 4.133503437042236,
      "var_99": 4.691179275512695,
      "cvar_95": 4.471540451049805,
      "cvar_99": 4.928462982177734,
      "entropic_risk": 2.874861478805542,
      "trading_volume": 2.064953837298453,
      "max_delta": 0.9033063650131226,
      "mean_abs_delta": 0.49756869673728943,
      "delta_smoothness": 0.03585343062877655,
      "delta_std": 0.12687422335147858,
      "mean_tc": 0.0
    },
    "n_parameters": 55810
  }
}