{
  "LSTM": {
    "mean_pnl": -2.275966167449951,
    "std_pnl": 0.4185371398925781,
    "var_95": 2.9460132122039795,
    "var_99": 3.328706741333008,
    "cvar_95": 3.179918050765991,
    "cvar_99": 3.5601565837860107,
    "entropic_risk": 2.3653719425201416,
    "trading_volume": 2.5558897674042873,
    "max_delta": 1.0430593490600586,
    "delta_smoothness": 0.05370261147618294
  },
  "Sig-LSTM": {
    "mean_pnl": -2.277852773666382,
    "std_pnl": 0.44803670048713684,
    "var_95": 2.987543821334839,
    "var_99": 3.3837406635284424,
    "cvar_95": 3.232527017593384,
    "cvar_99": 3.6381995677948,
    "entropic_risk": 2.3794307708740234,
    "trading_volume": 2.585853405869168,
    "max_delta": 1.1502962112426758,
    "delta_smoothness": 0.05318448320031166
  },
  "H-SAH": {
    "mean_pnl": -2.281796455383301,
    "std_pnl": 1.0766314268112183,
    "var_95": 4.131531715393066,
    "var_99": 4.710352897644043,
    "cvar_95": 4.487957000732422,
    "cvar_99": 4.950501441955566,
    "entropic_risk": 2.8715016841888428,
    "trading_volume": 1.6615342974593676,
    "max_delta": 0.9823841452598572,
    "delta_smoothness": 0.02932870201766491
  },
  "statistical_tests": {
    "Sig-LSTM": {
      "baseline_cvar": 3.179918050765991,
      "model_cvar": 3.232527017593384,
      "improvement_pct": -1.6544126272201538,
      "significant": false
    },
    "H-SAH": {
      "baseline_cvar": 3.179918050765991,
      "model_cvar": 4.487957000732422,
      "improvement_pct": -41.134361267089844,
      "significant": false
    }
  }
}